{"cameraMode":{"drawMode":0,"name":"Shaded","section":"Shading Mode"},"sceneLighting":true,"audioPlay":false,"sceneViewState":{"showFog":true,"showMaterialUpdate":false,"showSkybox":true,"showFlares":true,"showImageEffects":true,"showParticleSystems":true,"showVisualEffectGraphs":true,"m_FxEnabled":true},"in2DMode":false,"pivot":{"x":0.47416746616363528,"y":1.6672860383987427,"z":1.1287765502929688},"rotation":{"x":-0.01680081896483898,"y":0.030588245019316675,"z":-0.0005144632305018604,"w":-0.9993927478790283},"size":3.2887680530548097,"orthographic":false}