{"cameraMode":{"drawMode":0,"name":"Shaded","section":"Shading Mode"},"sceneLighting":false,"audioPlay":false,"sceneViewState":{"showFog":true,"showMaterialUpdate":false,"showSkybox":false,"showFlares":true,"showImageEffects":true,"showParticleSystems":true,"showVisualEffectGraphs":true,"m_FxEnabled":true},"in2DMode":false,"pivot":{"x":2.1165592670440676,"y":2.211573600769043,"z":0.29157543182373049},"rotation":{"x":-0.0964256003499031,"y":0.08112058788537979,"z":-0.007886704988777638,"w":-0.9920114278793335},"size":5.044905185699463,"orthographic":false}