{"cameraMode":{"drawMode":0,"name":"Shaded","section":"Shading Mode"},"sceneLighting":false,"audioPlay":false,"sceneViewState":{"showFog":true,"showMaterialUpdate":false,"showSkybox":false,"showFlares":true,"showImageEffects":true,"showParticleSystems":true,"showVisualEffectGraphs":true,"m_FxEnabled":true},"in2DMode":false,"pivot":{"x":-2.598384141921997,"y":0.10000000894069672,"z":0.6203374266624451},"rotation":{"x":0.010754690505564213,"y":0.6969869136810303,"z":-0.01045561395585537,"w":0.7169272303581238},"size":0.8660253882408142,"orthographic":true}