{"cameraMode":{"drawMode":0,"name":"Shaded","section":"Shading Mode"},"sceneLighting":true,"audioPlay":false,"sceneViewState":{"showFog":true,"showMaterialUpdate":false,"showSkybox":true,"showFlares":true,"showImageEffects":true,"showParticleSystems":true,"showVisualEffectGraphs":true,"m_FxEnabled":true},"in2DMode":false,"pivot":{"x":-7.9222636222839359,"y":4.725788116455078,"z":-7.319238185882568},"rotation":{"x":0.17590093612670899,"y":0.14559079706668855,"z":-0.026314007118344308,"w":0.9732269644737244},"size":3.4449033737182619,"orthographic":false}