{"cameraMode":{"drawMode":0,"name":"Shaded","section":"Shading Mode"},"sceneLighting":true,"audioPlay":false,"sceneViewState":{"showFog":true,"showMaterialUpdate":false,"showSkybox":true,"showFlares":true,"showImageEffects":true,"showParticleSystems":true,"showVisualEffectGraphs":true,"m_FxEnabled":true},"in2DMode":false,"pivot":{"x":7.738855838775635,"y":18.95517921447754,"z":-111.35799407958985},"rotation":{"x":0.0000803498987806961,"y":0.9995567202568054,"z":0.029685545712709428,"w":-0.0026983090210705997},"size":32.27228546142578,"orthographic":false}