{"cameraMode":{"drawMode":0,"name":"Shaded","section":"Shading Mode"},"sceneLighting":true,"audioPlay":false,"sceneViewState":{"showFog":true,"showMaterialUpdate":false,"showSkybox":true,"showFlares":true,"showImageEffects":true,"showParticleSystems":true,"showVisualEffectGraphs":true,"m_FxEnabled":true},"in2DMode":false,"pivot":{"x":0.015336990356445313,"y":1.7051682472229005,"z":-0.0000024437904357910158},"rotation":{"x":-0.04736547917127609,"y":0.93016517162323,"z":-0.12947799265384675,"w":-0.340274453163147},"size":7.726630687713623,"orthographic":false}