{"cameraMode":{"drawMode":0,"name":"Shaded","section":"Shading Mode"},"sceneLighting":true,"audioPlay":false,"sceneViewState":{"showFog":true,"showMaterialUpdate":false,"showSkybox":true,"showFlares":true,"showImageEffects":true,"showParticleSystems":true,"showVisualEffectGraphs":true,"m_FxEnabled":true},"in2DMode":false,"pivot":{"x":600.4371948242188,"y":173.53335571289063,"z":-28.20623779296875},"rotation":{"x":-0.03179558366537094,"y":-0.023388661444187166,"z":0.0007443649228662252,"w":-0.9992215037345886},"size":318.8077697753906,"orthographic":false}