{"cameraMode":{"drawMode":0,"name":"Shaded","section":"Shading Mode"},"sceneLighting":true,"audioPlay":false,"sceneViewState":{"showFog":true,"showMaterialUpdate":false,"showSkybox":true,"showFlares":true,"showImageEffects":true,"showParticleSystems":true,"showVisualEffectGraphs":true,"m_FxEnabled":true},"in2DMode":false,"pivot":{"x":0.015336990356445313,"y":1.9551682472229005,"z":-0.0000024437904357910158},"rotation":{"x":0.41605737805366518,"y":0.33700427412986758,"z":-0.16945341229438783,"w":0.8274534344673157},"size":7.726630687713623,"orthographic":false}