{"cameraMode":{"drawMode":0,"name":"Shaded","section":"Shading Mode"},"sceneLighting":true,"audioPlay":false,"sceneViewState":{"showFog":true,"showMaterialUpdate":false,"showSkybox":true,"showFlares":true,"showImageEffects":true,"showParticleSystems":true,"showVisualEffectGraphs":true,"m_FxEnabled":true},"in2DMode":false,"pivot":{"x":451.5241394042969,"y":478.44781494140627,"z":-77.50072479248047},"rotation":{"x":0.0003101147594861686,"y":-0.004188905470073223,"z":0.0000032469656616740396,"w":0.9999955892562866},"size":216.4072265625,"orthographic":false}