{"cameraMode":{"drawMode":0,"name":"Shaded","section":"Shading Mode"},"sceneLighting":true,"audioPlay":false,"sceneViewState":{"showFog":true,"showMaterialUpdate":false,"showSkybox":true,"showFlares":true,"showImageEffects":true,"showParticleSystems":true,"showVisualEffectGraphs":true,"m_FxEnabled":true},"in2DMode":false,"pivot":{"x":3.2712934017181398,"y":3.746654510498047,"z":-20.417165756225587},"rotation":{"x":0.30581894516944888,"y":-0.008574345149099827,"z":0.002751811407506466,"w":0.9520535469055176},"size":7.125946998596191,"orthographic":false}