{"cameraMode":{"drawMode":0,"name":"Shaded","section":"Shading Mode"},"sceneLighting":false,"audioPlay":false,"sceneViewState":{"showFog":true,"showMaterialUpdate":false,"showSkybox":false,"showFlares":true,"showImageEffects":true,"showParticleSystems":true,"showVisualEffectGraphs":true,"m_FxEnabled":true},"in2DMode":false,"pivot":{"x":-7.774121284484863,"y":0.07389342784881592,"z":3.4955921173095705},"rotation":{"x":-0.026636246591806413,"y":0.5461547374725342,"z":-0.017378900200128557,"w":-0.8370799422264099},"size":10.119799613952637,"orthographic":false}